Name,Sum,Average,Rank
Alice,255,85.0,3
Bob,225,75.0,4
Charlie,266,88.66666666666667,2
David,195,65.0,5
Eva,277,92.33333333333333,1
